todo_id,origin_executor_id,origin_deadline,created_at
5,1,2016-09-30,2016-09-11 11:10:00
6,2,2016-10-01,2016-09-11 11:20:00
7,3,2016-10-02,2016-09-11 11:30:00
8,1,2016-10-03,2016-09-11 11:40:00
9,2,2016-10-04,2016-09-12 10:32:00
10,2,2016-10-05,2016-09-12 10:35:00
11,2,2016-10-06,2016-09-12 10:40:00
12,2,2016-10-07,2016-09-12 10:42:00
13,3,2016-10-08,2016-09-12 10:50:00
14,3,2016-10-09,2016-09-13 14:00:00
15,3,2016-10-10,2016-09-13 14:00:00
16,3,2016-10-11,2016-09-13 10:10:00
17,1,2016-10-12,2016-09-13 14:00:00
18,3,2016-10-13,2016-09-13 12:00:00
19,2,2016-10-14,2016-09-13 14:00:00
20,1,2016-10-15,2016-09-13 15:00:00
21,1,2016-10-16,2016-09-13 15:30:00
22,1,2016-10-17,2016-09-13 16:00:00
23,1,2016-10-18,2016-09-14 10:00:00
24,2,2016-10-19,2016-09-14 11:00:00
25,3,2016-10-20,2016-09-14 11:30:00
26,1,2016-10-21,2016-09-14 11:30:00
27,2,2016-10-22,2016-09-14 11:31:00
28,2,2016-10-23,2016-09-14 11:32:00
29,2,2016-10-24,2016-09-14 11:40:00
30,2,2016-10-25,2016-09-14 11:41:00
31,3,2016-10-26,2016-09-14 11:42:00
32,3,2016-10-27,2016-09-14 11:43:00
33,3,2016-10-28,2016-09-14 11:44:00
34,3,2016-10-29,2016-09-15 10:00:00
35,1,2016-10-30,2016-09-15 10:10:00
36,3,2016-10-31,2016-09-15 10:20:00
37,2,2016-11-01,2016-09-15 10:23:00
38,1,2016-11-02,2016-09-15 11:00:00
39,1,2016-11-03,2016-09-15 11:10:00
40,1,2016-11-04,2016-09-15 11:30:00
41,1,2016-11-05,2016-09-15 13:00:00
42,2,2016-11-06,2016-09-15 13:10:00
43,3,2016-11-07,2016-09-15 13:20:00
44,1,2016-11-08,2016-09-15 14:10:00
45,2,2016-11-09,2016-09-15 14:30:00
46,2,2016-11-10,2016-09-15 14:30:00
47,2,2016-11-11,2016-09-15 14:30:00
48,2,2016-11-12,2016-09-15 14:30:00
49,3,2016-11-13,2016-09-15 14:30:00
50,3,2016-11-14,2016-09-15 14:32:00
51,3,2016-11-15,2016-09-15 14:33:00
52,3,2016-11-16,2016-09-15 14:34:00
53,1,2016-11-17,2016-09-15 15:00:00
54,3,2016-11-18,2016-09-15 15:10:00
55,2,2016-11-19,2016-09-15 15:20:00
56,1,2016-11-20,2016-09-15 15:30:00
57,1,2016-11-21,2016-09-15 16:00:00
58,1,2016-11-22,2016-09-15 16:10:00
59,1,2016-11-23,2016-09-15 16:20:00
60,2,2016-11-24,2016-09-15 16:30:00
61,3,2016-11-25,2016-09-15 17:00:00
62,1,2016-11-26,2016-09-15 17:10:00
63,2,2016-11-27,2016-09-15 17:20:00
64,2,2016-11-28,2016-09-16 10:00:00
65,2,2016-11-29,2016-09-16 10:00:00
66,2,2016-11-30,2016-09-16 10:00:00
67,3,2016-12-01,2016-09-16 10:00:00
68,3,2016-12-02,2016-09-16 10:00:00
69,3,2016-12-03,2016-09-16 10:00:00
70,3,2016-12-04,2016-09-16 10:00:00
71,1,2016-12-05,2016-09-16 10:10:00
72,3,2016-12-06,2016-09-16 10:13:00
73,2,2016-12-07,2016-09-16 10:14:00
74,1,2016-12-08,2016-09-16 10:15:00
75,1,2016-12-09,2016-09-16 10:20:00
76,1,2016-12-10,2016-09-16 11:00:00
77,1,2016-12-11,2016-09-16 11:04:00
78,2,2016-12-12,2016-09-16 11:07:00
79,3,2016-12-13,2016-09-16 11:07:00
80,1,2016-12-14,2016-09-16 11:07:00
81,2,2016-12-15,2016-09-16 11:07:00
82,2,2016-12-16,2016-09-16 11:09:00
83,2,2016-12-17,2016-09-16 11:10:00
84,2,2016-12-18,2016-09-16 11:12:00
85,3,2016-12-19,2016-09-16 11:14:00
86,3,2016-12-20,2016-09-16 11:16:00
87,3,2016-12-21,2016-09-16 13:00:00
88,3,2016-12-22,2016-09-16 13:00:00
89,1,2016-12-23,2016-09-16 13:10:00
90,3,2016-12-24,2016-09-16 13:14:00
91,2,2016-12-25,2016-09-16 13:20:00
92,1,2016-12-26,2016-09-16 13:21:00
93,1,2016-12-27,2016-09-16 13:22:00
94,1,2016-12-28,2016-09-16 13:23:00
95,1,2016-12-29,2016-09-16 13:24:00
96,2,2016-12-30,2016-09-16 13:30:00
97,3,2016-12-31,2016-09-16 13:00:32
98,1,2017-01-01,2016-09-16 13:33:00
99,2,2017-01-02,2016-09-16 13:35:00
100,2,2017-01-03,2016-09-16 13:40:00
101,2,2017-01-04,2016-09-16 13:41:00
102,2,2017-01-05,2016-09-16 13:43:00
103,3,2017-01-06,2016-09-16 13:44:00
104,3,2017-01-07,2016-09-16 13:50:00
105,3,2017-01-08,2016-09-16 13:52:00
106,3,2017-01-09,2016-09-16 14:00:00
107,1,2017-01-10,2016-09-16 14:03:00
108,3,2017-01-11,2016-09-16 14:05:00
109,2,2017-01-12,2016-09-16 14:05:00
110,1,2017-01-13,2016-09-16 14:05:00
111,1,2017-01-14,2016-09-16 14:05:00
112,1,2017-01-15,2016-09-16 14:05:00
113,1,2017-01-16,2016-09-16 14:05:00
114,2,2017-01-17,2016-09-16 14:05:00
115,3,2017-01-18,2016-09-16 14:05:00
116,1,2017-01-19,2016-09-16 14:05:00
117,2,2017-01-20,2016-09-16 15:00:00
118,2,2017-01-21,2016-09-16 15:10:00
119,2,2017-01-22,2016-09-17 10:01:00
120,2,2017-01-23,2016-09-17 10:01:00
121,3,2017-01-24,2016-09-17 10:01:00
122,3,2017-01-25,2016-09-17 10:01:00
123,3,2017-01-26,2016-09-17 10:01:00
124,3,2017-01-27,2016-09-17 10:01:00
125,1,2017-01-28,2016-09-17 10:10:00
126,3,2017-01-29,2016-09-17 10:10:00
127,2,2017-01-30,2016-09-17 10:11:00
128,1,2017-01-31,2016-09-17 10:12:00
129,1,2017-02-01,2016-09-17 10:14:00
130,1,2017-02-02,2016-09-17 10:15:00
131,1,2017-02-03,2016-09-17 10:17:00
132,2,2017-02-04,2016-09-17 11:12:00
133,3,2017-02-05,2016-09-17 11:15:00
134,1,2017-02-06,2016-09-17 11:17:00
135,2,2017-02-07,2016-09-17 11:20:00
136,2,2017-02-08,2016-09-17 11:21:00
137,2,2017-02-09,2016-09-17 11:22:00
138,2,2017-02-10,2016-09-17 11:25:00
139,3,2017-02-11,2016-09-17 11:27:00
140,3,2017-02-12,2016-09-17 13:30:00
141,3,2017-02-13,2016-09-17 13:32:00
142,3,2017-02-14,2016-09-17 13:33:00
143,1,2017-02-15,2016-09-17 13:40:00
144,3,2017-02-16,2016-09-17 13:44:00
145,2,2017-02-17,2016-09-17 13:46:00
146,1,2017-02-18,2016-09-17 13:48:00
147,1,2017-02-19,2016-09-17 13:50:00
148,1,2017-02-20,2016-09-17 13:51:00
149,1,2017-02-21,2016-09-17 13:52:00
150,2,2017-02-22,2016-09-17 13:53:00
151,3,2017-02-23,2016-09-17 13:54:00
152,1,2017-02-24,2016-09-17 13:55:00
153,2,2017-02-25,2016-09-17 13:56:00
154,2,2017-02-26,2016-09-17 13:56:00
155,2,2017-02-27,2016-09-17 13:56:00
156,2,2017-02-28,2016-09-17 13:56:00
157,3,2017-03-01,2016-09-17 13:56:00
158,3,2017-03-02,2016-09-17 13:56:00
159,3,2017-03-03,2016-09-17 13:56:00
160,3,2017-03-04,2016-09-17 14:00:00
161,1,2017-03-05,2016-09-17 14:00:00
162,3,2017-03-06,2016-09-17 14:10:00
163,2,2017-03-07,2016-09-17 14:11:00
164,1,2017-03-08,2016-09-17 14:12:00
165,1,2017-03-09,2016-09-17 14:13:00
166,1,2017-03-10,2016-09-17 14:14:00
167,1,2017-03-11,2016-09-17 14:15:00
168,2,2017-03-12,2016-09-17 14:15:00
169,3,2017-03-13,2016-09-12 10:32:00
170,1,2017-03-14,2016-09-12 10:35:00
171,2,2017-03-15,2016-09-12 10:40:00
172,2,2017-03-16,2016-09-12 10:42:00
173,2,2017-03-17,2016-09-12 10:50:00
174,2,2017-03-18,2016-09-13 14:00:00
175,3,2017-03-19,2016-09-13 14:00:00
176,3,2017-03-20,2016-09-13 10:10:00
177,3,2017-03-21,2016-09-13 14:00:00
178,3,2017-03-22,2016-09-13 12:00:00
179,1,2017-03-23,2016-09-13 14:00:00
180,3,2017-03-24,2016-09-13 15:00:00
181,2,2017-03-25,2016-09-13 15:30:00
182,1,2017-03-26,2016-09-13 16:00:00
183,1,2017-03-27,2016-09-14 10:00:00
184,1,2017-03-28,2016-09-14 11:00:00
185,1,2017-03-29,2016-09-14 11:30:00
186,2,2017-03-30,2016-09-14 11:30:00
187,3,2017-03-31,2016-09-14 11:31:00
188,1,2017-04-01,2016-09-14 11:32:00
189,2,2017-04-02,2016-09-14 11:40:00
190,2,2017-04-03,2016-09-14 11:41:00
191,2,2017-04-04,2016-09-14 11:42:00
192,2,2017-04-05,2016-09-14 11:43:00
193,3,2017-04-06,2016-09-14 11:44:00
194,3,2017-04-07,2016-09-15 10:00:00
195,3,2017-04-08,2016-09-15 10:10:00
196,3,2017-04-09,2016-09-15 10:20:00
197,1,2017-04-10,2016-09-15 10:23:00
198,3,2017-04-11,2016-09-15 11:00:00
199,2,2017-04-12,2016-09-15 11:10:00
200,1,2017-04-13,2016-09-15 11:30:00